[{"id":"user-image-examplenew.PNG","publicUrl":"np://user.desktop.nicepage.com/Site_2190128575/images/examplenew.PNG","size":856349,"hash":"TVqkGeP0vYfgiJ6M2dxa2IcVLxg=","fileName":"examplenew.PNG","name":"examplenew","width":1599,"height":938,"thumbnail":{"url":"np://user.desktop.nicepage.com/Site_2190128575/images/thumbnails/examplenew.PNG","width":250,"height":147},"folderId":null,"usages":["17884039"]},{"id":"user-image-brightlogomd.png","publicUrl":"np://user.desktop.nicepage.com/Site_2190128575/images/brightlogomd.png","size":22117,"hash":"ibpnQACbz8v0ghi04G9Xb9Lcmyc=","fileName":"brightlogomd.png","name":"brightlogomd","width":1000,"height":500,"thumbnail":{"url":"np://user.desktop.nicepage.com/Site_2190128575/images/thumbnails/brightlogomd.png","width":250,"height":125},"folderId":null,"usages":["163195445"]},{"id":"user-image-bgdark.png","publicUrl":"np://user.desktop.nicepage.com/Site_2190128575/images/bgdark.png","size":660868,"hash":"9wK3iomr3i8HbBmatbVN03NcFRk=","fileName":"bgdark.png","name":"bgdark","width":1000,"height":600,"thumbnail":{"url":"np://user.desktop.nicepage.com/Site_2190128575/images/thumbnails/bgdark.png","width":250,"height":150},"usages":["163195445"]},{"id":"user-image-temx.PNG","publicUrl":"np://user.desktop.nicepage.com/Site_2190128575/images/temx.PNG","size":769090,"hash":"SlYoCt/pPjip1jdIt7nwfIJSjww=","fileName":"temx.PNG","name":"temx","width":1916,"height":818,"thumbnail":{"url":"np://user.desktop.nicepage.com/Site_2190128575/images/thumbnails/temx.PNG","width":250,"height":107},"usages":["17884039"]},{"id":"user-image-scgm.PNG","publicUrl":"np://user.desktop.nicepage.com/Site_2190128575/images/scgm.PNG","size":1374326,"hash":"qQx4YWjgBwubk4eTjDqKNtae9DY=","fileName":"scgm.PNG","name":"scgm","width":1914,"height":777,"thumbnail":{"url":"np://user.desktop.nicepage.com/Site_2190128575/images/thumbnails/scgm.PNG","width":250,"height":101},"usages":["17884039"]},{"id":"user-image-2019_07_24_13_22_51_logo_fb.png","publicUrl":"np://user.desktop.nicepage.com/Site_2190128575/images/2019_07_24_13_22_51_logo_fb.png","size":14262,"hash":"54A6LS+8T/1bgLXjfKUTiwbvu4Q=","fileName":"2019_07_24_13_22_51_logo_fb.png","name":"2019_07_24_13_22_51_logo_fb","width":300,"height":300,"thumbnail":{"url":"np://user.desktop.nicepage.com/Site_2190128575/images/thumbnails/2019_07_24_13_22_51_logo_fb.png","width":250,"height":250},"usages":["163195445"]},{"id":"user-image-raspil.png","publicUrl":"np://user.desktop.nicepage.com/Site_2190128575/images/raspil.png","size":16353,"hash":"TAsLSqak9QXNX1k4Ts72wXDNhuw=","fileName":"raspil.png","name":"raspil","width":453,"height":274,"thumbnail":{"url":"np://user.desktop.nicepage.com/Site_2190128575/images/thumbnails/raspil.png","width":250,"height":151},"usages":["163195445"]},{"id":"user-image-temaxmd.png","publicUrl":"np://user.desktop.nicepage.com/Site_2190128575/images/temaxmd.png","size":106531,"hash":"WsD6DPxTrb49es9Uu5IrMpMNeoM=","fileName":"temaxmd.png","name":"temaxmd","width":644,"height":186,"thumbnail":{"url":"np://user.desktop.nicepage.com/Site_2190128575/images/thumbnails/temaxmd.png","width":250,"height":72},"usages":["163195445"]},{"id":"user-image-a5aed1466310f70_900x420.jpg","publicUrl":"np://user.desktop.nicepage.com/Site_2190128575/images/a5aed1466310f70_900x420.jpg","size":88045,"hash":"KuHRKwnJrA9FTL6UCbYBKZWfe5Y=","fileName":"a5aed1466310f70_900x420.jpg","name":"a5aed1466310f70_900x420","width":900,"height":420,"thumbnail":{"url":"np://user.desktop.nicepage.com/Site_2190128575/images/thumbnails/a5aed1466310f70_900x420.jpg","width":250,"height":117},"usages":["163195445"]},{"id":"user-image-favicon1.png","publicUrl":"np://user.desktop.nicepage.com/Site_2190128575/images/favicon1.png","size":17753,"hash":"g9mOwImYbutqQtOTQLPUzKNqD6M=","fileName":"favicon1.png","name":"favicon1","width":380,"height":500,"thumbnail":{"url":"np://user.desktop.nicepage.com/Site_2190128575/images/thumbnails/favicon1.png","width":190,"height":250},"folderId":null,"usages":[]}]